"time","icao24","lat","lon","velocity","heading","vertrate","callsign","onground","alert","spi","squawk","baroaltitude","geoaltitude","lastposupdate","lastcontact"
1565610910,"407534",45.7447892528469,16.0715560913086,83.7169691566743,46.9920935729664,10.07872,"BAW85GA ","False","False","False",7351,167.64,175.26,1565610909.281,1565610909.844
1565610920,"407534",45.7497711181641,16.0792280987995,80.8086565369185,47.063819728457,14.6304,"BAW85GA ","False","False","False",7351,312.42,365.76,1565610919.189,1565610919.851
1565610930,"407534",45.7547149658203,16.0867979468369,79.7056231542648,46.8307486480255,13.0048,"BAW85GA ","False","False","False",7351,449.58,510.54,1565610929.326,1565610929.871
1565610940,"407534",45.7599334716797,16.0948367235137,82.6399485409719,47.2704496706651,7.47776,"BAW85GA ","False","False","False",7351,548.64,594.36,1565610939.681,1565610939.973
1565610950,"407534",45.7654118942002,16.1034164428711,89.5930479540398,47.7927023657133,9.10336,"BAW85GA ","False","False","False",7351,640.08,716.28,1565610949.985,1565610949.985
1565610960,"407534",45.7706451416016,16.1114501953125,96.4537913822873,46.9451467614143,7.80288,"BAW85GA ","False","False","False",7351,723.9,792.48,1565610959.032,1565610959.713
1565610970,"407534",45.7774223715572,16.1217498779297,102.27089789419,46.8344690323918,8.128,"BAW85GA ","False","False","False",7351,807.72,876.3,1565610969.879,1565610969.879
1565610980,"407534",45.7841033935547,16.1318150962271,111.350687806684,46.4975877390175,6.17728,"BAW85GA ","False","False","False",7351,876.3,967.74,1565610979.843,1565610979.866
1565610990,"407534",45.7911071777344,16.1423324957127,118.623691947103,46.4057492610463,10.40384,"BAW85GA ","False","False","False",7351,960.12,1051.56,1565610989.543,1565610989.91
1565611000,"407534",45.7989349365234,16.1539217320884,122.615868502356,46.1899489321424,13.65504,"BAW85GA ","False","False","False",7351,1082.04,1181.1,1565610999.828,1565610999.828
1565611010,"407534",45.8066711425781,16.1655109684642,125.525390184098,46.1623635735027,13.98016,"BAW85GA ","False","False","False",7351,1219.2,1325.88,1565611009.797,1565611009.993
1565611020,"407534",45.8148503707627,16.1751022338867,128.413301554807,33.5627437810924,13.98016,"BAW85GA ","False","False","False",7351,1356.36,1470.66,1565611019.07,1565611019.953
1565611030,"407534",45.8263487735037,16.1814880371094,130.142131175176,13.486923966672,15.60576,"BAW85GA ","False","False","False",7351,1508.76,1630.68,1565611029.673,1565611029.955
1565611040,"407534",45.8371023404396,16.1811447143555,129.15925760455,349.674741783073,16.58112,"BAW85GA ","False","False","False",7351,1676.4,1805.94,1565611038.975,1565611039.953
1565611050,"407534",45.8480886685646,16.1740036010742,127.847355762407,326.821488340607,15.60576,"BAW85GA ","False","False","False",7351,1828.8,1981.2,1565611049.58,1565611049.942
1565611060,"407534",45.855909444518,16.1622619628906,123.17577105802,309.407264602998,19.5072,"BAW85GA ","False","False","False",7351,2011.68,2171.7,1565611059.796,1565611059.977
1565611070,"407534",45.862799175715,16.1497650146484,122.684917479092,308.359636647991,15.28064,"BAW85GA ","False","False","False",7351,2186.94,2354.58,1565611069.887,1565611069.887
1565611080,"407534",45.8695026979608,16.1380233764648,125.348162887117,309.504492520843,9.42848,"BAW85GA ","False","False","False",7351,2316.48,2499.36,1565611079.374,1565611079.828
1565611090,"407534",45.8772769216764,16.1247711181641,132.860080754578,310.288469053898,5.85216,"BAW85GA ","False","False","False",7351,2392.68,2575.56,1565611089.677,1565611089.992
1565611100,"407534",45.8855632200079,16.1108322143555,140.837442636839,310.555893878347,6.17728,"BAW85GA ","False","False","False",7351,2453.64,2636.52,1565611099.968,1565611099.968
1565611110,"407534",45.8938495183395,16.0970306396484,146.640906375262,310.732106699709,12.35456,"BAW85GA ","False","False","False",7351,2537.46,2735.58,1565611109.684,1565611109.778
1565611120,"407534",45.9026013390493,16.082405090332,148.817543694817,310.794642998291,15.28064,"BAW85GA ","False","False","False",7351,2682.24,2880.36,1565611119.817,1565611119.913
1565611130,"407534",45.9112243652344,16.067973811452,149.597980016438,310.537181527959,16.58112,"BAW85GA ","False","False","False",7351,2842.26,3048,1565611129.615,1565611129.946
1565611140,"407534",45.9200134277344,16.0533700338224,150.32331850431,310.558758810567,16.90624,"BAW85GA ","False","False","False",7351,3002.28,3223.26,1565611139.621,1565611139.946
1565611150,"407534",45.9289964578919,16.0382537841797,150.714533161582,310.431592721365,12.02944,"BAW85GA ","False","False","False",7351,3162.3,3390.9,1565611149.826,1565611149.951
1565611160,"407534",45.9380275920286,16.0230102539062,156.24198703135,310.19204603697,5.85216,"BAW85GA ","False","False","False",7351,3246.12,3489.96,1565611159.985,1565611159.985
1565611170,"407534",45.9472503662109,16.0074150271532,162.827824363174,310.130058283719,5.52704,"BAW85GA ","False","False","False",7351,3307.08,3558.54,1565611169.858,1565611169.941
1565611180,"407534",45.9564157259666,15.9918365478516,169.745473259005,310.205767933369,5.20192,"BAW85GA ","False","False","False",7351,3368.04,3611.88,1565611179.262,1565611179.979
1565611190,"407534",45.9667503227622,15.9743957519531,176.27121694625,310.383647906449,4.8768,"BAW85GA ","False","False","False",7351,3413.76,3665.22,1565611189.423,1565611189.972
1565611210,"407534",45.9876251220703,15.9391524152058,185.757030659356,310.394762240009,12.02944,"BAW85GA ","False","False","False",7351,3566.16,3825.24,1565611209.062,1565611209.909
1565611220,"407534",45.9994812011719,15.919189453125,187.932666974336,310.448188710258,13.0048,"BAW85GA ","False","False","False",7351,3695.7,3954.78,1565611219.957,1565611219.957
1565611230,"407534",46.0103232173596,15.9009246826172,188.657914833582,310.465723695379,14.6304,"BAW85GA ","False","False","False",7351,3832.86,4099.56,1565611229.886,1565611229.894
1565611240,"407534",46.0214996337891,15.8820101109947,189.774758801283,310.382288027506,13.65504,"BAW85GA ","False","False","False",7351,3970.02,4244.34,1565611239.963,1565611239.996
1565611250,"407534",46.032202769134,15.8639144897461,190.892000495324,310.299828841404,12.67968,"BAW85GA ","False","False","False",7351,4099.56,4389.12,1565611249.663,1565611249.998
1565611260,"407534",46.0437469482422,15.8444288300305,192.009632972983,310.218329430223,13.98016,"BAW85GA ","False","False","False",7351,4229.1,4526.28,1565611259.989,1565611259.995
1565611270,"407534",46.0548271567135,15.8255996704102,191.950355634768,310.434737615583,15.60576,"BAW85GA ","False","False","False",7351,4381.5,4678.68,1565611269.967,1565611269.967
1565611280,"407534",46.0651702880859,15.8081203553735,192.342211628889,310.335345736254,12.67968,"BAW85GA ","False","False","False",7351,4526.28,4838.7,1565611279.16,1565611279.873
1565611290,"407534",46.0770721435547,15.7879564238758,194.184722878236,310.272012181158,8.45312,"BAW85GA ","False","False","False",7351,4632.96,4953,1565611289.737,1565611289.899
1565611300,"407534",46.0883913201801,15.7686767578125,197.145519375041,310.131003025907,11.3792,"BAW85GA ","False","False","False",7351,4724.4,5052.06,1565611299.693,1565611299.98
1565611310,"407534",46.0996856689453,15.7494372856326,197.870437292638,310.148883904698,13.0048,"BAW85GA ","False","False","False",7351,4846.32,5173.98,1565611309.57,1565611309.8
1565611320,"407534",46.1114812301377,15.7293319702148,198.988774591535,310.071090844328,11.70432,"BAW85GA ","False","False","False",7351,4975.86,5311.14,1565611319.803,1565611319.849
1565611330,"407534",46.1232123940678,15.7093505859375,200.438500208893,310.106827754862,10.72896,"BAW85GA ","False","False","False",7351,5082.54,5425.44,1565611329.939,1565611329.995
1565611340,"407534",46.1342468261719,15.6904862566692,202.281840486775,310.048111204483,10.40384,"BAW85GA ","False","False","False",7351,5189.22,5539.74,1565611339.389,1565611339.928
1565611350,"407534",46.1465816174523,15.6694564819336,204.063146921251,310.193948413605,13.0048,"BAW85GA ","False","False","False",7351,5303.52,5661.66,1565611349.795,1565611349.991
1565611360,"407534",46.1582196769068,15.6494064331055,204.654332428622,309.492079450195,12.02944,"BAW85GA ","False","False","False",7351,5433.06,5783.58,1565611359.686,1565611359.863
1565611370,"407534",46.1690826416016,15.6283197170351,204.234268,305.051136747446,13.0048,"BAW85GA ","False","False","False",7351,5554.98,5920.74,1565611369.695,1565611369.971
1565611380,"407534",46.1788423182601,15.6059417724609,203.0099275213,300.789454394162,12.02944,"BAW85GA ","False","False","False",7351,5676.9,6042.66,1565611379.754,1565611379.987
1565611390,"407534",46.1882171630859,15.5826326695884,203.29847954894,300.068582821862,11.05408,"BAW85GA ","False","False","False",7351,5798.82,6179.82,1565611389.966,1565611389.999
1565611400,"407534",46.1972351074219,15.5601910846989,204.892137353602,299.97684674824,9.42848,"BAW85GA ","False","False","False",7351,5897.88,6278.88,1565611399.775,1565611399.939
1565611410,"407534",46.2062615863347,15.5376892089844,206.743132579077,300.010137640318,6.82752,"BAW85GA ","False","False","False",7351,5981.7,6370.32,1565611409.581,1565611409.994
1565611420,"407534",46.2156651383739,15.5143432617188,209.297164755261,300.094241476445,10.40384,"BAW85GA ","False","False","False",7351,6057.9,6446.52,1565611419.58,1565611419.744
1565611430,"407534",46.2247009277344,15.4919284727515,209.297164755261,300.094241476445,12.67968,"BAW85GA ","False","False","False",7351,6187.44,6576.06,1565611429.114,1565611429.969
1565611440,"407534",46.234565346928,15.4674453735352,209.555591907988,300.215938298026,11.70432,"BAW85GA ","False","False","False",7351,6301.74,6682.74,1565611439.571,1565611439.982
1565611450,"407534",46.2444763183594,15.4428919350229,210.000300484186,300.145301070385,12.67968,"BAW85GA ","False","False","False",7351,6423.66,6827.52,1565611450,1565611450
1565611460,"407534",46.2537689208984,15.4198474418826,210.000300484186,300.145301070385,11.3792,"BAW85GA ","False","False","False",7351,6545.58,6957.06,1565611459.765,1565611459.991
1565611470,"407534",46.2632446289062,15.3963340201029,210.000300484186,300.145301070385,10.40384,"BAW85GA ","False","False","False",7351,6659.88,7071.36,1565611469.848,1565611469.974
1565611480,"407534",46.2727203369141,15.3726866187119,211.593512604228,300.05589272694,7.80288,"BAW85GA ","False","False","False",7351,6743.7,7162.8,1565611479.811,1565611479.993
1565611490,"407534",46.2821044921875,15.3492401867378,213.633052784147,299.898901838615,6.17728,"BAW85GA ","False","False","False",7351,6804.66,7231.38,1565611489.63,1565611489.927
1565611500,"407534",46.2919177039195,15.3246917724609,215.929864176526,299.86340076637,10.07872,"BAW85GA ","False","False","False",7351,6896.1,7322.82,1565611499.756,1565611499.982
1565611510,"407534",46.3015594482422,15.3005385980373,216.63224012492,299.913645991535,9.7536,"BAW85GA ","False","False","False",7351,6995.16,7429.5,1565611509.703,1565611509.987
1565611520,"407534",46.3112834348517,15.2762145996094,218.483100975801,299.945683440395,5.85216,"BAW85GA ","False","False","False",7351,7063.74,7505.7,1565611519.68,1565611519.981
1565611530,"407534",46.3212921659825,15.2510147094727,219.63144141946,299.927987464581,11.3792,"BAW85GA ","False","False","False",7351,7155.18,7597.14,1565611529.913,1565611529.99
1565611540,"407534",46.3312077926377,15.2260894775391,219.375232632599,299.811543023132,10.40384,"BAW85GA ","False","False","False",7351,7261.86,7711.44,1565611539.912,1565611539.962
1565611550,"407534",46.340844105866,15.2019195556641,220.077435595245,299.861167149624,9.10336,"BAW85GA ","False","False","False",7351,7360.92,7818.12,1565611549.772,1565611549.978
1565611560,"407534",46.3507597325212,15.1768569946289,220.523727888015,299.794617204166,8.77824,"BAW85GA ","False","False","False",7351,7452.36,7917.18,1565611559.875,1565611559.964
1565611570,"407534",46.3603494935116,15.1526870727539,221.672242188641,299.777866773732,6.17728,"BAW85GA ","False","False","False",7351,7528.56,7993.38,1565611569.511,1565611569.996
1565611580,"407534",46.3704528808594,15.1271689810404,223.969326753548,299.744881296942,6.5024,"BAW85GA ","False","False","False",7351,7589.52,8054.34,1565611579.671,1565611579.972
1565611590,"407534",46.3804779052734,15.1018468345084,225.117896446781,299.728640997062,9.10336,"BAW85GA ","False","False","False",7351,7665.72,8130.54,1565611589.655,1565611589.986
1565611600,"407534",46.3905487060547,15.0764576981707,225.819821639001,299.777260937187,8.45312,"BAW85GA ","False","False","False",7351,7749.54,8221.98,1565611599.645,1565611599.997
1565611610,"407534",46.4004364013672,15.0514035108613,226.968355198081,299.760989190674,8.45312,"BAW85GA ","False","False","False",7351,7833.36,8305.8,1565611609.441,1565611609.994
1565611620,"407534",46.4109649658203,15.0248085580221,226.968355198081,299.760989190674,10.40384,"BAW85GA ","False","False","False",7351,7932.42,8412.48,1565611619.894,1565611619.991
1565611630,"407534",46.4208984375,14.999687380907,227.415089270413,299.696652537699,7.15264,"BAW85GA ","False","False","False",7351,8016.24,8503.92,1565611629.66,1565611629.985
1565611640,"407534",46.4313416561838,14.9731979370117,229.010800756759,299.617167316178,6.82752,"BAW85GA ","False","False","False",7351,8084.82,8572.5,1565611639.901,1565611639.998
1565611650,"407534",46.4409942626953,14.9487081388148,230.414063520062,299.713147276641,7.47776,"BAW85GA ","False","False","False",7351,8161.02,8641.08,1565611649.397,1565611649.993
1565611660,"407534",46.4515918796345,14.9217681884766,230.414063520062,299.713147276641,9.7536,"BAW85GA ","False","False","False",7351,8244.84,8740.14,1565611659.709,1565611659.981
1565611670,"407534",46.4619140625,14.8955852229421,230.861008110777,299.649863507576,8.128,"BAW85GA ","False","False","False",7351,8336.28,8823.96,1565611669.767,1565611669.99
1565611680,"407534",46.4720283120365,14.8698577880859,231.308233250093,299.586824375084,6.82752,"BAW85GA ","False","False","False",7351,8412.48,8915.4,1565611679.605,1565611679.999
1565611690,"407534",46.4823760986328,14.8435341439596,232.456973463328,299.571877821991,6.5024,"BAW85GA ","False","False","False",7351,8481.06,8976.36,1565611689.672,1565611689.978
1565611700,"407534",46.4928371623411,14.816780090332,233.158370761343,299.619439177695,6.17728,"BAW85GA ","False","False","False",7351,8542.02,9044.94,1565611699.838,1565611699.999
1565611710,"407534",46.5033416748047,14.790009289253,233.605729339998,299.557078267211,5.85216,"BAW85GA ","False","False","False",7351,8610.6,9113.52,1565611709.968,1565611709.999
1565611720,"407534",46.5136413574219,14.7637492854421,234.307076377563,299.604450746005,7.15264,"BAW85GA ","False","False","False",7351,8671.56,9174.48,1565611719.97,1565611719.989
1565611730,"407534",46.5239806094412,14.7372665405273,234.75450065016,299.542423554724,6.82752,"BAW85GA ","False","False","False",7351,8740.14,9250.68,1565611729.858,1565611729.995
1565611740,"407534",46.5341949462891,14.7110952982088,234.501271947561,299.433070609189,8.45312,"BAW85GA ","False","False","False",7351,8816.34,9326.88,1565611739.679,1565611739.984
1565611750,"407534",46.5446319580078,14.6842323861471,234.053363594969,299.494955817688,8.45312,"BAW85GA ","False","False","False",7351,8900.16,9410.7,1565611749.773,1565611749.989
1565611760,"407534",46.5546569824219,14.6585752905869,233.605729339998,299.557078267211,11.70432,"BAW85GA ","False","False","False",7351,8999.22,9509.76,1565611759.437,1565611759.943
1565611770,"407534",46.5653189966234,14.6313858032227,231.308233250093,299.586824375084,10.72896,"BAW85GA ","False","False","False",7351,9121.14,9631.68,1565611769.818,1565611769.98
1565611780,"407534",46.5754852294922,14.6053853849085,229.905823640183,299.490447090384,12.02944,"BAW85GA ","False","False","False",7351,9227.82,9745.98,1565611779.776,1565611779.997
1565611790,"407534",46.5857088767876,14.5790634155273,228.055990225661,299.456320773299,10.72896,"BAW85GA ","False","False","False",7351,9342.12,9860.28,1565611789.918,1565611790
1565611800,"407534",46.5954382944915,14.5540008544922,227.3551486267,299.407189060734,6.17728,"BAW85GA ","False","False","False",7351,9425.94,9959.34,1565611799.607,1565611799.99
1565611810,"407534",46.6059125480005,14.5270843505859,228.504072524165,299.392887079909,3.90144,"BAW85GA ","False","False","False",7351,9471.66,10005.06,1565611809.998,1565611809.998
1565611820,"407534",46.6159057617188,14.501216237138,228.952433810408,299.329701755797,7.47776,"BAW85GA ","False","False","False",7351,9532.62,10066.02,1565611820,1565611820
1565611830,"407534",46.6255645751953,14.4762960294398,228.504072524165,299.392887079909,8.128,"BAW85GA ","False","False","False",7351,9608.82,10142.22,1565611829.589,1565611829.99
1565611840,"407534",46.6358184814453,14.4497680664063,228.700881183338,299.217340199303,4.22656,"BAW85GA ","False","False","False",7351,9677.4,10203.18,1565611839.793,1565611839.972
1565611850,"407534",46.6457977294922,14.4239100014291,230.550131947333,299.253288277159,1.6256,"BAW85GA ","False","False","False",7351,9692.64,10226.04,1565611849.682,1565611849.996
1565611860,"407534",46.6559600830078,14.3975830078125,231.699204072022,299.239946711742,5.20192,"BAW85GA ","False","False","False",7351,9723.12,10256.52,1565611859.66,1565611859.983
1565611870,"407534",46.6664428710938,14.3703851467226,231.699204072022,299.239946711742,9.7536,"BAW85GA ","False","False","False",7351,9791.7,10325.1,1565611869.965,1565611870
1565611880,"407534",46.6765594482422,14.3440581531059,230.550131947333,299.253288277159,8.128,"BAW85GA ","False","False","False",7351,9890.76,10424.16,1565611879.988,1565611879.988
1565611890,"407534",46.6864013671875,14.3186020269627,230.801962394437,299.36471029112,3.2512,"BAW85GA ","False","False","False",7351,9936.48,10477.5,1565611889.683,1565611889.999
1565611900,"407534",46.6965637207031,14.292275033346,231.699204072022,299.239946711742,4.8768,"BAW85GA ","False","False","False",7351,9974.58,10515.6,1565611899.682,1565611900
1565611910,"407534",46.7066050384004,14.2660217285156,230.999104650962,299.190933838475,8.77824,"BAW85GA ","False","False","False",7351,10050.78,10584.18,1565611909.622,1565611910
1565611920,"407534",46.7167510986328,14.2396880359184,229.401072448557,299.266763497897,10.72896,"BAW85GA ","False","False","False",7351,10149.84,10683.24,1565611919.705,1565611919.995
1565611930,"407534",46.7269949185646,14.2130126953125,227.551787942254,299.230743402158,9.10336,"BAW85GA ","False","False","False",7351,10248.9,10789.92,1565611929.891,1565611929.989
1565611940,"407534",46.7367553710938,14.1875029773247,226.851721914327,299.1808060525,5.20192,"BAW85GA ","False","False","False",7351,10317.48,10873.74,1565611939.794,1565611939.999
1565611950,"407534",46.7467330673994,14.1614456176758,227.05112845934,299.004167686477,1.30048,"BAW85GA ","False","False","False",7351,10355.58,10904.22,1565611949.842,1565611949.974
1565611960,"407534",46.7566680908203,14.1354518983422,227.301013883702,299.117580309717,0.32512,"BAW85GA ","False","False","False",7351,10363.2,10919.46,1565611959.921,1565611959.985
1565611970,"407534",46.7666931152344,14.1091918945313,227.05112845934,299.004167686477,0,"BAW85GA ","False","False","False",7351,10363.2,10919.46,1565611969.993,1565611970
1565611980,"407534",46.7762471861758,14.0842666625977,226.60134103221,299.067238228864,0,"BAW85GA ","False","False","False",7351,10363.2,10919.46,1565611979.618,1565611979.96
1565611990,"407534",46.7859649658203,14.0587485708841,226.15182927801,299.130559573159,0,"BAW85GA ","False","False","False",7351,10363.2,10919.46,1565611989.477,1565611989.963
1565612000,"407534",46.7962646484375,14.0318069458008,225.901844200416,299.016584343866,0,"BAW85GA ","False","False","False",7351,10363.2,10911.84,1565611999.926,1565611999.945
1565612010,"407534",46.8061337228549,14.0059204101562,225.901844200416,299.016584343866,0,"BAW85GA ","False","False","False",7351,10363.2,10911.84,1565612009.943,1565612009.991
1565612020,"407534",46.8154441704184,13.9814071655273,226.351852400096,298.953419604686,0,"BAW85GA ","False","False","False",7351,10363.2,10911.84,1565612019.442,1565612019.998
1565612030,"407534",46.8254063493114,13.9551773071289,226.802134606398,298.890505597853,2.60096,"BAW85GA ","False","False","False",7351,10370.82,10919.46,1565612029.528,1565612029.98
1565612040,"407534",46.8346702446372,13.9307327270508,227.252689190559,298.827840984217,6.17728,"BAW85GA ","False","False","False",7351,10408.92,10957.56,1565612038.921,1565612039.991
1565612050,"407534",46.8448651847193,13.9039535522461,227.05112845934,299.004167686477,7.15264,"BAW85GA ","False","False","False",7351,10477.5,11018.52,1565612049.189,1565612049.995
1565612060,"407534",46.8546295166016,13.8780770650724,226.351852400096,298.953419604686,5.20192,"BAW85GA ","False","False","False",7351,10538.46,11087.1,1565612059.164,1565612059.993
1565612070,"407534",46.8648826469809,13.850944519043,226.802134606398,298.890505597853,4.55168,"BAW85GA ","False","False","False",7351,10584.18,11140.44,1565612069.642,1565612069.998
1565612080,"407534",46.8749084472656,13.8243713378906,227.252689190559,298.827840984217,2.60096,"BAW85GA ","False","False","False",7351,10622.28,11178.54,1565612079.758,1565612079.986
1565612090,"407534",46.8847604525291,13.798335148738,228.402128487019,298.816447559761,3.57632,"BAW85GA ","False","False","False",7351,10652.76,11209.02,1565612089.712,1565612089.986
1565612100,"407534",46.8948211669922,13.7717056274414,228.402128487019,298.816447559761,3.57632,"BAW85GA ","False","False","False",7351,10690.86,11247.12,1565612099.887,1565612099.998
1565612110,"407534",46.9048004150391,13.7451324462891,229.304143876322,298.692530556317,2.92608,"BAW85GA ","False","False","False",7351,10728.96,11277.6,1565612109.984,1565612110
1565612120,"407534",46.9145538847325,13.7191772460937,230.002498650267,298.743420000958,1.95072,"BAW85GA ","False","False","False",7351,10751.82,11315.7,1565612119.82,1565612119.988
1565612130,"407534",46.9244384765625,13.6928100585938,230.453686668792,298.681913478306,4.22656,"BAW85GA ","False","False","False",7351,10782.3,11330.94,1565612129.781,1565612129.988
1565612140,"407534",46.9346008300781,13.6658248901367,230.002498650267,298.743420000958,6.17728,"BAW85GA ","False","False","False",7351,10835.64,11384.28,1565612139.967,1565612139.979
1565612150,"407534",46.9443054199219,13.6399383544922,229.551576724605,298.805168236902,6.5024,"BAW85GA ","False","False","False",7351,10896.6,11452.86,1565612149.804,1565612149.998
1565612160,"407534",46.9541473388672,13.6139144897461,228.402128487019,298.816447559761,5.85216,"BAW85GA ","False","False","False",7351,10957.56,11521.44,1565612159.655,1565612159.994
1565612170,"407534",46.9643096923828,13.5869293212891,228.154609036854,298.703254620932,4.8768,"BAW85GA ","False","False","False",7351,11010.9,11574.78,1565612169.971,1565612169.986
1565612180,"407534",46.9737683312368,13.5615656926082,228.154609036854,298.703254620932,4.22656,"BAW85GA ","False","False","False",7351,11056.62,11620.5,1565612179.617,1565612179.981
1565612190,"407534",46.9838701668432,13.5345224233774,228.605971100618,298.641330233836,3.57632,"BAW85GA ","False","False","False",7351,11102.34,11658.6,1565612189.953,1565612189.996
1565612200,"407534",46.9932861328125,13.5093383789062,228.605971100618,298.641330233836,6.5024,"BAW85GA ","False","False","False",7351,11148.06,11704.32,1565612199.516,1565612199.902
1565612210,"407534",47.0027618408203,13.4839324951172,227.005082271208,298.714087296708,10.07872,"BAW85GA ","False","False","False",7351,11231.88,11788.14,1565612209.161,1565612209.995
1565612220,"407534",47.0131530761719,13.4561920166016,224.706053457018,298.736085146028,9.10336,"BAW85GA ","False","False","False",7351,11330.94,11887.2,1565612219.913,1565612219.984
1565612230,"407534",47.0226745605469,13.4307174682617,222.858185836146,298.694904379343,7.80288,"BAW85GA ","False","False","False",7351,11414.76,11986.26,1565612229.782,1565612229.997
1565612240,"407534",47.0320517329846,13.4054330679087,221.913873544985,298.525655613905,3.2512,"BAW85GA ","False","False","False",7351,11475.72,12047.22,1565612239.628,1565612239.998
1565612250,"407534",47.0415344238281,13.3799057006836,222.366001486859,298.462354214232,2.27584,"BAW85GA ","False","False","False",7351,11498.58,12070.08,1565612249.586,1565612249.994
1565612260,"407534",47.0511381504899,13.3540931114784,223.063535352283,298.515546810464,3.90144,"BAW85GA ","False","False","False",7351,11529.06,12100.56,1565612259.646,1565612259.993
1565612270,"407534",47.0608062744141,13.327995300293,222.366001486859,298.462354214232,2.27584,"BAW85GA ","False","False","False",7351,11567.16,12138.66,1565612269.781,1565612269.997
1565612280,"407534",47.0700073242188,13.3031387329102,221.216303650768,298.472218446902,0.32512,"BAW85GA ","False","False","False",7351,11582.4,12153.9,1565612279.516,1565612279.972
1565612290,"407534",47.0795350155588,13.2774000901442,220.066612440086,298.48218574704,0,"BAW85GA ","False","False","False",7351,11582.4,12153.9,1565612289.627,1565612289.998
1565612300,"407534",47.0889851198358,13.2518357496995,219.36920058731,298.42816040246,0.32512,"BAW85GA ","False","False","False",7351,11582.4,12146.28,1565612299.736,1565612299.979
1565612310,"407534",47.0985748808263,13.2259192833534,219.821746628482,298.364326901212,-0.32512,"BAW85GA ","False","False","False",7351,11582.4,12146.28,1565612309.934,1565612310
1565612320,"407534",47.1077270507812,13.201171875,220.274564397563,298.300755766006,0.32512,"BAW85GA ","False","False","False",7351,11582.4,12146.28,1565612319.702,1565612319.999
1565612330,"407534",47.1171569824219,13.175422668457,221.42437109733,298.291739907778,0,"BAW85GA ","False","False","False",7351,11582.4,12146.28,1565612329.688,1565612329.989
1565612340,"407534",47.1268320891817,13.1490854116587,221.877496518602,298.22877618137,0,"BAW85GA ","False","False","False",7351,11582.4,12146.28,1565612339.902,1565612339.997
1565612350,"407534",47.1360959845074,13.1239436222957,221.877496518602,298.22877618137,0.65024,"BAW85GA ","False","False","False",7351,11582.4,12146.28,1565612349.762,1565612349.994
1565612360,"407534",47.1453598798332,13.0987314077524,222.121287558574,298.345693623077,0,"BAW85GA ","False","False","False",7351,11582.4,12146.28,1565612359.531,1565612359.84
1565612370,"407534",47.1551824020127,13.0718994140625,222.574183223148,298.282817200684,0,"BAW85GA ","False","False","False",7351,11582.4,12146.28,1565612369.971,1565612369.994
1565612380,"407534",47.1645355224609,13.0464706420898,223.271066697091,298.336520917112,-0.32512,"BAW85GA ","False","False","False",7351,11582.4,12138.66,1565612379.79,1565612379.992
1565612390,"407534",47.1737101926642,13.021474984976,223.271066697091,298.336520917112,0.32512,"BAW85GA ","False","False","False",7351,11582.4,12138.66,1565612389.419,1565612389.993
1565612400,"407534",47.1834411621094,12.9949722290039,223.724000691356,298.273986208923,0.32512,"BAW85GA ","False","False","False",7351,11582.4,12138.66,1565612399.729,1565612399.964
1565612410,"407534",47.1927966101695,12.9693603515625,224.177200116099,298.211704268684,0,"BAW85GA ","False","False","False",7351,11582.4,12138.66,1565612409.525,1565612409.99
1565612420,"407534",47.2027122368247,12.9422466571514,224.630663364775,298.149673713237,0,"BAW85GA ","False","False","False",7351,11582.4,12138.66,1565612419.934,1565612419.952
1565612430,"407534",47.2120056152344,12.9167633056641,225.084388842858,298.087893168209,0.32512,"BAW85GA ","False","False","False",7351,11582.4,12131.04,1565612429.652,1565612430
1565612440,"407534",47.2216644287109,12.8902587890625,225.780557442217,298.141601232262,0,"BAW85GA ","False","False","False",7351,11590.02,12138.66,1565612439.769,1565612439.971
1565612450,"407534",47.2306365966797,12.865608215332,226.234316376845,298.080150897754,0.32512,"BAW85GA ","False","False","False",7351,11582.4,12138.66,1565612449.163,1565612449.993
1565612460,"407534",47.2406523106462,12.8381582406851,226.234316376845,298.080150897754,0.65024,"BAW85GA ","False","False","False",7351,11590.02,12138.66,1565612459.62,1565612459.991
1565612470,"407534",47.2503351761123,12.8115375225361,226.476923212035,298.194979062462,0.32512,"BAW85GA ","False","False","False",7351,11590.02,12138.66,1565612469.741,1565612469.997
1565612480,"407534",47.2599792480469,12.7850646972656,226.476923212035,298.194979062462,0,"BAW85GA ","False","False","False",7351,11590.02,12138.66,1565612479.836,1565612479.999
1565612490,"407534",47.2696380615234,12.7584915161133,226.234316376845,298.080150897754,0,"BAW85GA ","False","False","False",7351,11590.02,12138.66,1565612489.839,1565612489.999
1565612500,"407534",47.2791044590837,12.7323091947115,225.992620168592,297.965076655522,-0.32512,"BAW85GA ","False","False","False",7351,11590.02,12138.66,1565612499.874,1565612499.947
1565612510,"407534",47.2884614588851,12.706533578726,225.992620168592,297.965076655522,-0.32512,"BAW85GA ","False","False","False",7351,11590.02,12131.04,1565612509.684,1565612509.997
1565612520,"407534",47.2980046676377,12.6801945612981,225.992620168592,297.965076655522,-0.32512,"BAW85GA ","False","False","False",7351,11590.02,12131.04,1565612519.623,1565612519.983
1565612530,"407534",47.3075944286282,12.6536442683293,225.538374967731,298.026361267959,-0.32512,"BAW85GA ","False","False","False",7351,11582.4,12123.42,1565612529.781,1565612529.997
1565612540,"407534",47.3172772940943,12.626953125,224.842633568876,297.972238702528,0.32512,"BAW85GA ","False","False","False",7351,11582.4,12123.42,1565612539.951,1565612539.998
1565612550,"407534",47.3265838623047,12.6011810302734,224.147094042745,297.917780198254,0,"BAW85GA ","False","False","False",7351,11582.4,12123.42,1565612549.797,1565612549.995
1565612560,"407534",47.3357119802701,12.5759652944712,224.147094042745,297.917780198254,0,"BAW85GA ","False","False","False",7351,11582.4,12123.42,1565612559.433,1565612559.856
1565612570,"407534",47.3456268310547,12.5483093261719,224.601796397249,297.856335734617,-0.32512,"BAW85GA ","False","False","False",7351,11582.4,12123.42,1565612569.987,1565612570
1565612580,"407534",47.354658741062,12.5232872596154,224.842633568876,297.972238702528,-0.32512,"BAW85GA ","False","False","False",7351,11582.4,12115.8,1565612579.533,1565612579.995
1565612590,"407534",47.364108845339,12.4970186673678,224.601796397249,297.856335734617,0,"BAW85GA ","False","False","False",7351,11582.4,12108.18,1565612589.518,1565612589.971
1565612600,"407534",47.3735961914062,12.4707183837891,224.147094042745,297.917780198254,0.32512,"BAW85GA ","False","False","False",7351,11582.4,12108.18,1565612599.592,1565612599.956
1565612610,"407534",47.3830718994141,12.4443511962891,222.997084531157,297.92475761052,1.30048,"BAW85GA ","False","False","False",7351,11582.4,12115.8,1565612609.694,1565612609.985
1565612620,"407534",47.3925522626457,12.4179311899038,222.061705667063,297.752358492807,0.97536,"BAW85GA ","False","False","False",272,11597.64,12123.42,1565612619.809,1565612619.974
1565612630,"407534",47.4016571044922,12.3923034667969,222.061705667063,297.752358492807,-0.32512,"BAW85GA ","False","False","False",7351,11597.64,12123.42,1565612629.672,1565612629.995
1565612640,"407534",47.4107666015625,12.366828918457,222.061705667063,297.752358492807,-0.65024,"BAW85GA ","False","False","False",7351,11597.64,12123.42,1565612639.504,1565612639.973
1565612650,"407534",47.4201577396716,12.3405339167668,221.606568421909,297.814293855775,-0.32512,"BAW85GA ","False","False","False",7351,11590.02,12115.8,1565612649.645,1565612649.996
1565612660,"407534",47.4293975830078,12.3147811889648,220.911622176558,297.75854060106,-0.32512,"BAW85GA ","False","False","False",7351,11590.02,12115.8,1565612659.632,1565612659.907
1565612670,"407534",47.4386389780853,12.2887714092548,220.672491293439,297.640341006444,-0.97536,"BAW85GA ","False","False","False",7351,11582.4,12108.18,1565612669.627,1565612669.984
1565612680,"407534",47.4479959778866,12.2623619666466,221.128354275126,297.578502445552,-0.65024,"BAW85GA ","False","False","False",7351,11567.16,12100.56,1565612679.892,1565612679.993
1565612690,"407534",47.4573064254502,12.2361637995793,220.911622176558,297.75854060106,0,"BAW85GA ","False","False","False",7351,11567.16,12092.94,1565612689.914,1565612689.987
1565612700,"407534",47.4663848876953,12.2107543945312,220.216886428219,297.702435514475,0.65024,"BAW85GA ","False","False","False",7351,11574.78,12092.94,1565612699.838,1565612699.976
1565612710,"407534",47.4756014549126,12.1848942683293,219.306457481045,297.827398163741,0.97536,"BAW85GA ","False","True","False",7545,11582.4,12100.56,1565612709.89,1565612709.998
1565612720,"407534",47.4848785400391,12.1588439941406,218.611463032886,297.771099956298,0.32512,"BAW85GA ","False","True","False",7545,11590.02,12108.18,1565612719.994,1565612719.994
1565612730,"407534",47.4937568276615,12.1338360126202,218.828054441403,297.589156878285,-0.65024,"BAW85GA ","False","False","False",7545,11590.02,12108.18,1565612729.71,1565612730
1565612740,"407534",47.502685546875,12.108512878418,218.828054441403,297.589156878285,-0.32512,"BAW85GA ","False","False","False",7545,11582.4,12100.56,1565612739.577,1565612739.992
1565612750,"407534",47.5118190959348,12.0827073317308,218.590276378798,297.469646210811,-0.32512,"BAW85GA ","False","False","False",7545,11574.78,12092.94,1565612749.631,1565612750
1565612760,"407534",47.5212692002119,12.0562978891226,218.8812619709,298.191308373793,-0.32512,"BAW85GA ","False","False","False",7545,11574.78,12092.94,1565612759.933,1565612759.999
1565612770,"407534",47.5309753417969,12.0310592651367,220.665295373114,300.391046902974,-0.65024,"BAW85GA ","False","False","False",7545,11567.16,12085.32,1565612769.869,1565612769.948
1565612780,"407534",47.5412750244141,12.0065460205078,222.492718144347,302.440710410671,0.32512,"BAW85GA ","False","False","False",7545,11567.16,12085.32,1565612779.667,1565612779.996
1565612790,"407534",47.5526454085011,11.9815767728365,224.176019561939,304.528838237797,-0.32512,"BAW85GA ","False","False","False",7545,11567.16,12077.7,1565612789.899,1565612789.992
1565612800,"407534",47.5646209716797,11.9572448730469,225.739527852077,306.66098050605,0,"BAW85GA ","False","False","False",7545,11567.16,12077.7,1565612799.872,1565612799.997
1565612810,"407534",47.5767059326172,11.9338302612305,226.875053367841,307.259658841162,-0.32512,"BAW85GA ","False","False","False",7545,11567.16,12077.7,1565612809.713,1565612809.998
1565612820,"407534",47.5891571044922,11.9096603393555,226.875053367841,307.259658841162,0.32512,"BAW85GA ","False","False","False",7545,11567.16,12077.7,1565612819.783,1565612819.991
1565612830,"407534",47.6012459447828,11.8859393780048,227.384829949482,306.999525885107,0.32512,"BAW85GA ","False","False","False",7545,11567.16,12077.7,1565612829.661,1565612829.993
1565612840,"407534",47.6136016845703,11.8617324829102,227.284712726006,307.181143725995,1.30048,"BAW85GA ","False","False","False",7545,11574.78,12085.32,1565612839.665,1565612840
1565612850,"407534",47.6261901855469,11.8371505737305,228.415453303561,307.12798499718,-0.32512,"BAW85GA ","False","False","False",7545,11582.4,12092.94,1565612849.869,1565612849.997
1565612860,"407534",47.638767048464,11.8124859149639,229.236615838841,306.972762489568,0.32512,"BAW85GA ","False","False","False",272,11582.4,12092.94,1565612859.987,1565612860
1565612870,"407534",47.6508636474609,11.7888107299805,229.136152720985,307.152900990786,-0.65024,"BAW85GA ","False","False","False",7545,11582.4,12085.32,1565612869.771,1565612869.995
1565612880,"407534",47.6631604210805,11.7648080679087,228.415453303561,307.12798499718,0,"BAW85GA ","False","False","False",7545,11582.4,12085.32,1565612879.732,1565612879.999
1565612890,"407534",47.6753082275391,11.7410202026367,227.694797354889,307.102911280149,0,"BAW85GA ","False","False","False",7545,11590.02,12085.32,1565612889.559,1565612889.982
1565612900,"407534",47.6878796593618,11.7164259690505,225.533094488198,307.02672876743,0,"BAW85GA ","False","False","False",7545,11582.4,12077.7,1565612899.828,1565612899.994
1565612910,"407534",47.7001694501457,11.6923405573918,224.812616607925,307.001009040591,0.32512,"BAW85GA ","False","False","False",7545,11582.4,12077.7,1565612909.915,1565612909.996
1565612920,"407534",47.7121124267578,11.6687850952148,224.812616607925,307.001009040591,0,"BAW85GA ","False","False","False",7545,11582.4,12077.7,1565612919.746,1565612919.988
1565612930,"407534",47.7241058349609,11.6450958251953,224.812616607925,307.001009040591,0.32512,"BAW85GA ","False","False","False",7545,11582.4,12077.7,1565612929.677,1565612929.989
1565612940,"407534",47.7366027832031,11.6204452514648,225.22367720528,306.922246447644,-0.32512,"BAW85GA ","False","False","False",7545,11582.4,10858.5,1565612939.96,1565612939.991
1565612950,"407534",47.7482757568359,11.5974426269531,225.22367720528,306.922246447644,0,"BAW85GA ","False","False","False",272,11582.4,12070.08,1565612949.557,1565612949.999
1565612960,"407534",47.7607804637844,11.572758601262,224.092184319975,306.975123936194,0.32512,"BAW85GA ","False","False","False",7545,11582.4,12070.08,1565612959.906,1565612960
1565612970,"407534",47.77294921875,11.548828125,223.78314,306.869897645844,0,"BAW85GA ","False","False","False",7545,11582.4,12070.08,1565612969.945,1565612969.996
1565612980,"407534",47.7845686573093,11.5258554311899,223.37179806549,306.949071864698,-0.32512,"BAW85GA ","False","False","False",7545,11582.4,12070.08,1565612979.621,1565612979.984
1565612990,"407534",47.7966722391419,11.5018404447115,223.062942128966,306.843469705138,-0.32512,"BAW85GA ","False","True","False",7545,11582.4,12070.08,1565612989.733,1565612989.982
1565613000,"407534",47.8085174560547,11.4783782958984,223.062942128966,306.843469705138,-0.32512,"BAW85GA ","False","False","False",7545,11574.78,12062.46,1565612999.555,1565612999.997
1565613010,"407534",47.8205108642578,11.4545516967773,223.062942128966,306.843469705138,-0.32512,"BAW85GA ","False","False","False",7545,11574.78,12062.46,1565613009.558,1565613009.999
1565613020,"407534",47.832936432402,11.429936335637,223.062942128966,306.843469705138,-0.32512,"BAW85GA ","False","False","False",7545,11567.16,12047.22,1565613019.941,1565613019.999
1565613030,"407534",47.8445744918565,11.4068368765024,223.062942128966,306.843469705138,0.32512,"BAW85GA ","False","False","False",7545,11567.16,12047.22,1565613029.586,1565613030
1565613040,"407534",47.8567246259269,11.3827514648437,223.37179806549,306.949071864698,0,"BAW85GA ","False","False","False",7545,11567.16,12047.22,1565613039.688,1565613039.999
1565613050,"407534",47.8686885510461,11.3591590294471,223.78314,306.869897645844,0,"BAW85GA ","False","False","False",7545,11567.16,12047.22,1565613049.592,1565613049.993
1565613060,"407534",47.8806610107422,11.3353500366211,223.78314,306.869897645844,0.32512,"BAW85GA ","False","False","False",7545,11567.16,12047.22,1565613059.533,1565613059.988
1565613070,"407534",47.8928491624735,11.3110586313101,223.887187241672,306.685582814454,0.32512,"BAW85GA ","False","False","False",7545,11574.78,12054.84,1565613069.719,1565613069.933
1565613080,"407534",47.904999296544,11.2869027944712,224.194907682506,306.791014107554,0,"BAW85GA ","False","False","False",7545,11574.78,12054.84,1565613079.823,1565613079.998
1565613090,"407534",47.917009773901,11.2628878079928,224.299943822449,306.607074812607,0.32512,"BAW85GA ","False","False","False",7545,11574.78,12047.22,1565613089.786,1565613089.978
1565613100,"407534",47.9289271467823,11.2390840970553,224.607098771462,306.712419949361,0.32512,"BAW85GA ","False","False","False",7545,11582.4,12054.84,1565613099.751,1565613099.997
1565613110,"407534",47.9411773681641,11.2146377563477,224.607098771462,306.712419949361,0.32512,"BAW85GA ","False","False","False",7545,11582.4,12054.84,1565613109.85,1565613109.999
1565613120,"407534",47.9528084447828,11.1914766751803,224.607098771462,306.712419949361,0.32512,"BAW85GA ","False","False","False",7545,11582.4,12054.84,1565613119.524,1565613119.959
1565613130,"407534",47.9648895263672,11.1672592163086,225.019710940081,306.634113875967,0.32512,"BAW85GA ","False","False","False",7545,11582.4,12054.84,1565613129.58,1565613129.997
1565613140,"407534",47.9773880263506,11.1423198993389,225.019710940081,306.634113875967,0,"BAW85GA ","False","False","False",7545,11590.02,12062.46,1565613139.939,1565613139.974
1565613150,"407534",47.989305399232,11.1183753380409,225.019710940081,306.634113875967,0.32512,"BAW85GA ","False","False","False",7545,11590.02,12062.46,1565613149.802,1565613149.989
1565613160,"407534",48.0013732910156,11.0940628051758,225.126713408384,306.450923179581,0.32512,"BAW85GA ","False","False","False",7545,11590.02,12054.84,1565613159.858,1565613159.996
1565613170,"407534",48.0134660106594,11.0697115384615,225.126713408384,306.450923179581,0,"BAW85GA ","False","False","False",7527,11590.02,12054.84,1565613169.977,1565613169.983
1565613180,"407534",48.0256161447299,11.0452740009014,225.432741876242,306.556094597247,0,"BAW85GA ","False","False","False",7545,11597.64,12062.46,1565613179.989,1565613179.998
1565613190,"407534",48.0375823974609,11.0212097167969,225.126713408384,306.450923179581,0.32512,"BAW85GA ","False","False","False",7545,11590.02,12054.84,1565613189.948,1565613190
1565613200,"407534",48.0492095947266,10.9977264404297,224.407289492245,306.423309600662,0.32512,"BAW85GA ","False","False","False",7545,11597.64,12062.46,1565613199.674,1565613199.996
1565613210,"407534",48.0611355021848,10.9736515925481,224.713119981406,306.528855366985,0,"BAW85GA ","False","False","False",7545,11597.64,12062.46,1565613209.635,1565613209.999
1565613220,"407534",48.0731964111328,10.9493865966797,223.993549202275,306.501441120506,0,"BAW85GA ","False","False","False",7545,11597.64,12062.46,1565613219.675,1565613219.959
1565613230,"407534",48.0851898193359,10.9252853393555,223.993549202275,306.501441120506,0,"BAW85GA ","False","False","False",7527,11597.64,12054.84,1565613229.666,1565613229.996
1565613240,"407534",48.0970001220703,10.9014587402344,223.687918035304,306.395518406907,0,"BAW85GA ","False","False","False",7545,11597.64,12054.84,1565613239.573,1565613239.996
1565613250,"407534",48.1093636205641,10.87646484375,223.687918035304,306.395518406907,-0.65024,"BAW85GA ","False","False","False",7545,11597.64,12054.84,1565613249.91,1565613250
1565613260,"407534",48.1212344412076,10.8523090069111,223.687918035304,306.395518406907,-0.32512,"BAW85GA ","False","False","False",7527,11590.02,12047.22,1565613259.907,1565613259.996
1565613270,"407534",48.1330587096133,10.8284348707933,223.687918035304,306.395518406907,-0.32512,"BAW85GA ","False","False","False",7545,11590.02,12047.22,1565613269.797,1565613269.994
1565613280,"407534",48.1447906494141,10.8046417236328,223.797922385325,306.21135446828,-0.32512,"BAW85GA ","False","False","False",7545,11582.4,12039.6,1565613279.697,1565613280
1565613290,"407534",48.1569213867188,10.7799911499023,223.383053455189,306.289306211008,0,"BAW85GA ","False","False","False",7545,11582.4,12031.98,1565613289.875,1565613290
1565613300,"407534",48.1687177237818,10.7559766267475,223.687918035304,306.395518406907,0,"BAW85GA ","False","False","False",7545,11582.4,12031.98,1565613299.827,1565613299.996
1565613310,"407534",48.1805419921875,10.7320524516859,223.383053455189,306.289306211008,0,"BAW85GA ","False","False","False",7545,11574.78,12024.36,1565613309.7,1565613309.992
1565613320,"407534",48.1927185058594,10.7073035606971,223.687918035304,306.395518406907,0,"BAW85GA ","False","False","False",7545,11582.4,12031.98,1565613319.955,1565613319.996
1565613330,"407534",48.2040974245233,10.6842041015625,223.687918035304,306.395518406907,-0.32512,"BAW85GA ","False","False","False",7527,11574.78,12024.36,1565613329.53,1565613329.995
1565613340,"407534",48.2163848876953,10.6591327373798,223.797922385325,306.21135446828,-0.32512,"BAW85GA ","False","False","False",7545,11574.78,12024.36,1565613339.86,1565613340
1565613350,"407534",48.2283782958984,10.6346951998197,223.797922385325,306.21135446828,-0.32512,"BAW85GA ","False","False","False",7545,11574.78,12024.36,1565613349.975,1565613349.996
1565613360,"407534",48.2398029909296,10.6112751207854,223.797922385325,306.21135446828,-0.32512,"BAW85GA ","False","False","False",7545,11574.78,12024.36,1565613359.631,1565613359.999
1565613370,"407534",48.2519989013672,10.5863131009615,223.797922385325,306.21135446828,0,"BAW85GA ","False","False","False",7527,11574.78,12024.36,1565613369.851,1565613369.991
1565613380,"407534",48.2636842889301,10.5623425935444,224.213204031945,306.133691342471,-0.32512,"BAW85GA ","False","False","False",7545,11574.78,12024.36,1565613379.732,1565613379.995
1565613390,"407534",48.2755279541016,10.5381422776442,224.213204031945,306.133691342471,0.32512,"BAW85GA ","False","False","False",7545,11574.78,12016.74,1565613389.691,1565613389.951
1565613400,"407534",48.2871931690281,10.5141328510485,224.213204031945,306.133691342471,0.32512,"BAW85GA ","False","False","False",7545,11574.78,12016.74,1565613399.52,1565613399.987
1565613410,"407534",48.2990639896716,10.4897750051398,224.9320721236,306.162254742324,0.32512,"BAW85GA ","False","False","False",7545,11574.78,12016.74,1565613409.516,1565613409.868
1565613420,"407534",48.3112141237421,10.464838931435,224.9320721236,306.162254742324,0,"BAW85GA ","False","False","False",7545,11582.4,12024.36,1565613419.74,1565613419.984
1565613430,"407534",48.3234558105469,10.4398287259615,224.9320721236,306.162254742324,0.32512,"BAW85GA ","False","False","False",7545,11582.4,12024.36,1565613429.966,1565613429.999
1565613440,"407534",48.3348541259766,10.4163067157452,224.9320721236,306.162254742324,0,"BAW85GA ","False","False","False",7545,11582.4,12024.36,1565613439.591,1565613439.992
1565613450,"407534",48.3469848632812,10.3914466271034,224.628896106025,306.056315517436,0.65024,"BAW85GA ","False","False","False",7545,11590.02,12024.36,1565613449.771,1565613449.995
1565613460,"407534",48.3588370630297,10.3669015984786,224.326490114442,305.950090303309,0.32512,"BAW85GA ","False","False","False",7545,11597.64,12031.98,1565613459.837,1565613459.999
1565613470,"407534",48.3705216747219,10.3427605879934,223.608042274949,305.920767693739,0.32512,"BAW85GA ","False","False","False",7545,11597.64,12031.98,1565613469.799,1565613470
1565613480,"407534",48.3822784423828,10.3184861403245,223.494392021906,306.104944201832,0,"BAW85GA ","False","False","False",7545,11597.64,12031.98,1565613479.697,1565613479.997
1565613490,"407534",48.3943564204846,10.2934666683799,223.608042274949,305.920767693739,0,"BAW85GA ","False","False","False",7527,11597.64,12024.36,1565613489.911,1565613489.994
1565613500,"407534",48.4057159423828,10.2699631911058,223.191634636589,305.998244877439,-0.32512,"BAW85GA ","False","False","False",7545,11597.64,12024.36,1565613499.599,1565613499.995
1565613510,"407534",48.4173889160156,10.2458777794471,223.191634636589,305.998244877439,0,"BAW85GA ","False","False","False",7545,11590.02,12024.36,1565613509.477,1565613510
1565613520,"407534",48.4297485351562,10.2203134390024,223.191634636589,305.998244877439,-0.32512,"BAW85GA ","False","False","False",7545,11590.02,12016.74,1565613519.984,1565613519.997
1565613530,"407534",48.4411879717293,10.1966135125411,223.191634636589,305.998244877439,-0.32512,"BAW85GA ","False","False","False",7527,11590.02,12016.74,1565613529.691,1565613529.998
1565613540,"407534",48.4531518968485,10.1718219957854,222.889653379251,305.891256058766,-0.32512,"BAW85GA ","False","False","False",7545,11590.02,12016.74,1565613539.904,1565613539.991
1565613550,"407534",48.4645843505859,10.1481276292067,222.889653379251,305.891256058766,0,"BAW85GA ","False","False","False",7545,11582.4,12009.12,1565613549.653,1565613549.99
1565613560,"407534",48.4766693115234,10.123056265024,222.588451408761,305.783977315185,0,"BAW85GA ","False","False","False",7545,11582.4,12009.12,1565613559.983,1565613559.998
1565613570,"407534",48.4883422851562,10.0986891526442,222.17132399913,305.861553580492,-0.32512,"BAW85GA ","False","False","False",7545,11582.4,12001.5,1565613569.942,1565613570
1565613580,"407534",48.4994713734772,10.0754025107936,222.17132399913,305.861553580492,0,"BAW85GA ","False","False","False",7545,11582.4,12009.12,1565613579.543,1565613579.964
1565613590,"407534",48.5113220214844,10.0507296048678,222.588451408761,305.783977315185,0,"BAW85GA ","False","False","False",7545,11574.78,12001.5,1565613589.67,1565613589.998
1565613600,"407534",48.5229337013374,10.0264699835526,222.17132399913,305.861553580492,0,"BAW85GA ","False","False","False",7545,11582.4,11993.88,1565613599.619,1565613599.994
1565613610,"407534",48.5345764160156,10.002206655649,222.889653379251,305.891256058766,-0.32512,"BAW85GA ","False","False","False",7527,11574.78,11993.88,1565613609.58,1565613609.997
1565613620,"407534",48.54638671875,9.97762826772836,222.588451408761,305.783977315185,0,"BAW85GA ","False","False","False",7527,11574.78,11993.88,1565613619.657,1565613620
1565613630,"407534",48.5582885742188,9.95269775390625,222.28803189294,305.676408221862,0,"BAW85GA ","False","False","False",7545,11574.78,11993.88,1565613629.853,1565613630
1565613640,"407534",48.5699157714844,9.92826021634615,222.706129060517,305.599219958976,0,"BAW85GA ","False","False","False",7545,11574.78,11993.88,1565613639.85,1565613639.999
1565613650,"407534",48.5813567597987,9.90410252621299,222.706129060517,305.599219958976,0,"BAW85GA ","False","False","False",7545,11574.78,11993.88,1565613649.692,1565613649.999
1565613660,"407534",48.5928497314453,9.88001896784856,222.706129060517,305.599219958976,0.32512,"BAW85GA ","False","False","False",7545,11574.78,11993.88,1565613659.584,1565613659.997
1565613670,"407534",48.604539774232,9.85538683439556,223.005985343069,305.706691400603,0,"BAW85GA ","False","False","False",7527,11574.78,11993.88,1565613669.597,1565613669.994
1565613680,"407534",48.6164571471133,9.83037848221628,223.423923522917,305.629694489384,0,"BAW85GA ","False","False","False",7545,11574.78,11993.88,1565613679.806,1565613680
1565613690,"407534",48.6281417588056,9.80580380088404,223.842263683991,305.552985240051,-0.32512,"BAW85GA ","False","False","False",7545,11574.78,11993.88,1565613689.806,1565613689.977
1565613700,"407534",48.6396789550781,9.781494140625,224.141780786504,305.659973827195,0,"BAW85GA ","False","False","False",7545,11574.78,11986.26,1565613699.668,1565613700
1565613710,"407534",48.6516265869141,9.75635235126202,224.141780786504,305.659973827195,0.32512,"BAW85GA ","False","False","False",7545,11574.78,11986.26,1565613709.881,1565613709.991
1565613720,"407534",48.6629628326933,9.73251342773438,224.559962166461,305.583453371726,0.32512,"BAW85GA ","False","False","False",7545,11574.78,11986.26,1565613719.524,1565613719.999
1565613730,"407534",48.6752014160156,9.70663217397836,224.559962166461,305.583453371726,-0.32512,"BAW85GA ","False","False","False",7545,11574.78,11986.26,1565613729.984,1565613730
1565613740,"407534",48.6869201660156,9.68184251051683,224.978542593551,305.507217518654,0,"BAW85GA ","False","False","False",7545,11574.78,11986.26,1565613739.996,1565613740
1565613750,"407534",48.6981563244836,9.6581388774671,224.978542593551,305.507217518654,0,"BAW85GA ","False","False","False",7545,11574.78,11986.26,1565613749.504,1565613749.998
1565613760,"407534",48.7099805928893,9.63298596833882,225.696145603602,305.537677791974,0.32512,"BAW85GA ","False","False","False",7545,11574.78,11986.26,1565613759.605,1565613759.999
1565613770,"407534",48.7219390869141,9.60768479567308,226.114963613987,305.461909812452,0,"BAW85GA ","False","False","False",7545,11574.78,11986.26,1565613769.787,1565613769.991
1565613780,"407534",48.7336578369141,9.58282470703125,227.251524613329,305.417055276467,0,"BAW85GA ","False","False","False",7545,11574.78,11986.26,1565613779.667,1565613779.978
1565613790,"407534",48.7458343505859,9.55697866586538,227.251524613329,305.417055276467,0.65024,"BAW85GA ","False","False","False",7545,11574.78,11986.26,1565613789.96,1565613789.999
1565613800,"407534",48.7558345471398,9.53577142012747,227.251524613329,305.417055276467,0.65024,"BAW85GA ","False","False","False",7545,11582.4,11993.88,1565613798.443,1565613799.993
1565613810,"407534",48.7691019349179,9.50751053659539,227.968938198686,305.447495632166,0,"BAW85GA ","False","False","False",7545,10988.04,11391.9,1565613809.638,1565613809.889
1565613820,"407534",48.7809262033236,9.4822853489926,228.388223501786,305.372647199746,-0.32512,"BAW85GA ","False","False","False",7545,11582.4,11986.26,1565613819.635,1565613819.997
1565613830,"407534",48.7928924560547,9.45683405949519,228.807897132999,305.298073210635,-0.32512,"BAW85GA ","False","False","False",7545,11582.4,11986.26,1565613829.681,1565613829.786
1565613840,"407534",48.8006643521584,9.44021927682977,228.807897132999,305.298073210635,0.32512,"BAW85GA ","False","False","False",7545,11582.4,11986.26,1565613836.212,1565613839.996
1565613850,"407534",48.8149566650391,9.40957876352163,229.525058230713,305.32867900212,0,"BAW85GA ","False","False","False",7545,11582.4,11986.26,1565613848.284,1565613849.997
1565613860,"407534",48.828595694849,9.38037269993832,229.944958897673,305.2545540078,0,"BAW85GA ","False","False","False",7545,11582.4,11986.26,1565613859.718,1565613859.995
1565613870,"407534",48.8408389333951,9.35435244911595,230.540374438486,305.463364241541,0.32512,"BAW85GA ","False","False","False",7545,11582.4,11986.26,1565613869.914,1565613869.992
1565613880,"407534",48.8525700973252,9.32927181846217,230.959575073509,305.389320330907,0,"BAW85GA ","False","False","False",7545,11582.4,11986.26,1565613879.733,1565613879.998
1565613890,"407534",48.8643478134931,9.30411890933388,231.799127215154,305.242036558652,0,"BAW85GA ","False","False","False",7545,11582.4,11978.64,1565613889.506,1565613889.999
1565613900,"407534",48.8764513953257,9.27802638003701,232.516168008077,305.272421448598,-0.32512,"BAW85GA ","False","False","False",7545,11582.4,11978.64,1565613899.594,1565613899.998
1565613910,"407534",48.8872049622616,9.25496954666941,233.653306420688,305.229717775866,-0.65024,"BAW85GA ","False","False","False",7545,11582.4,11978.64,1565613908.526,1565613909.999
1565613920,"407534",48.9008913201801,9.22555220754523,234.073715963087,305.157077803208,0,"BAW85GA ","False","False","False",7545,11574.78,11971.02,1565613919.848,1565613920
1565613930,"407534",48.9127349853516,9.20013427734375,234.790573370761,305.187427771699,0,"BAW85GA ","False","False","False",7545,11574.78,11971.02,1565613929.572,1565613929.998
1565613940,"407534",48.9252319335938,9.17316143329327,235.211200536316,305.115214660951,0.32512,"BAW85GA ","False","False","False",7545,11574.78,11971.02,1565613939.88,1565613939.998
1565613950,"407534",48.9374084472656,9.14689284104567,236.053569770591,304.971561074446,0.32512,"BAW85GA ","False","False","False",7545,11582.4,11971.02,1565613949.871,1565613949.995
1565613960,"407534",48.94921875,9.12132850060096,236.770021680814,305.00221880641,0.32512,"BAW85GA ","False","False","False",7545,11582.4,11971.02,1565613959.586,1565613959.994
1565613970,"407534",48.9616419905323,9.0945113332648,237.065485483539,305.104065135668,0.97536,"BAW85GA ","False","False","False",7545,11582.4,11978.64,1565613969.713,1565613969.96
1565613980,"407534",48.9736633300781,9.06850961538461,237.065485483539,305.104065135668,0.65024,"BAW85GA ","False","False","False",7545,10980.42,11986.26,1565613979.563,1565613979.996
1565613990,"407534",48.985988810911,9.04189260382401,237.065485483539,305.104065135668,0,"BAW85GA ","False","False","False",7527,11597.64,11986.26,1565613989.599,1565613989.987
1565614000,"407534",48.9984182584084,9.01493273283306,237.065485483539,305.104065135668,-0.32512,"BAW85GA ","False","False","False",7545,11597.64,11978.64,1565613999.827,1565613999.997
1565614010,"407534",49.0107546014301,8.98818969726562,236.770021680814,305.00221880641,0,"BAW85GA ","False","False","False",7545,11597.64,11978.64,1565614009.93,1565614009.996
1565614020,"407534",49.0228116310249,8.96202488949424,236.475307867816,304.900118296333,0.32512,"BAW85GA ","False","False","False",7545,11597.64,11978.64,1565614019.828,1565614019.983
1565614030,"407534",49.0348221083819,8.93578780324835,236.475307867816,304.900118296333,0,"BAW85GA ","False","False","False",7545,11597.64,11978.64,1565614029.712,1565614029.996
1565614040,"407534",49.0467681884766,8.90977125901442,236.053569770591,304.971561074446,-0.65024,"BAW85GA ","False","False","False",7545,11597.64,11971.02,1565614039.594,1565614039.997
1565614050,"407534",49.0590292720471,8.88302451685855,234.915657688964,305.012578424986,-0.97536,"BAW85GA ","False","False","False",7545,11590.02,11963.4,1565614049.71,1565614049.997
1565614060,"407534",49.0712259583554,8.85657059518914,234.199183150659,304.981709639103,0.32512,"BAW85GA ","False","False","False",7545,11582.4,11955.78,1565614059.828,1565614059.989
1565614070,"407534",49.0830688476562,8.83075420673077,233.904624513189,304.878461144616,0,"BAW85GA ","False","False","False",7545,11582.4,11955.78,1565614069.748,1565614069.988
1565614080,"407534",49.0950164794922,8.80462646484375,233.188448353318,304.8470465493,0,"BAW85GA ","False","False","False",7545,11582.4,11948.16,1565614079.653,1565614079.998
1565614090,"407534",49.1073039426642,8.77778705797697,233.188448353318,304.8470465493,0,"BAW85GA ","False","False","False",7545,11582.4,11948.16,1565614089.903,1565614090
1565614100,"407534",49.1188201904297,8.75258225661058,233.188448353318,304.8470465493,-0.32512,"BAW85GA ","False","False","False",7545,11582.4,11948.16,1565614099.546,1565614100
1565614110,"407534",49.1310882568359,8.72553898737981,233.317794531131,304.671183746195,0,"BAW85GA ","False","False","False",7527,11582.4,11948.16,1565614109.866,1565614109.994
1565614120,"407534",49.1430816650391,8.69927039513221,234.32684200198,304.806530912908,0,"BAW85GA ","False","False","False",7545,11582.4,11948.16,1565614119.897,1565614119.994
1565614130,"407534",49.1546475685249,8.67392289011102,234.32684200198,304.806530912908,0.32512,"BAW85GA ","False","False","False",7545,11582.4,11940.54,1565614129.527,1565614129.998
1565614140,"407534",49.1668442548332,8.64703529759457,234.749427479267,304.734859539786,0,"BAW85GA ","False","False","False",7545,11582.4,11940.54,1565614139.743,1565614139.96
1565614150,"407534",49.1787616277145,8.62087048982319,234.749427479267,304.734859539786,0,"BAW85GA ","False","False","False",7545,11582.4,11940.54,1565614149.615,1565614149.894
1565614160,"407534",49.1906890869141,8.59461857722356,234.749427479267,304.734859539786,0,"BAW85GA ","False","False","False",7545,11582.4,11940.54,1565614159.561,1565614159.996
1565614170,"407534",49.2030618958554,8.56731214021382,234.32684200198,304.806530912908,0,"BAW85GA ","False","False","False",7545,11582.4,11940.54,1565614169.928,1565614169.999
1565614180,"407534",49.2146068508342,8.54201467413651,233.610827347823,304.774952615449,0,"BAW85GA ","False","False","False",7545,11590.02,11932.92,1565614179.551,1565614179.973
1565614190,"407534",49.2267569849047,8.51519936009457,233.317794531131,304.671183746195,0,"BAW85GA ","False","False","False",7527,11590.02,11940.54,1565614189.755,1565614189.999
1565614200,"407534",49.2384338378906,8.48933293269231,232.602087119097,304.63905193263,0.32512,"BAW85GA ","False","False","False",7545,11590.02,11932.92,1565614199.568,1565614199.986
1565614210,"407534",49.2502193127648,8.46330341539885,231.886453312748,304.606721782365,0.32512,"BAW85GA ","False","False","False",7545,11590.02,11932.92,1565614209.528,1565614209.993
1565614220,"407534",49.2622763423596,8.43656037983141,231.886453312748,304.606721782365,0,"BAW85GA ","False","False","False",7545,11590.02,11932.92,1565614219.698,1565614220
1565614230,"407534",49.274193715241,8.41017873663651,231.463214424615,304.679045637502,-0.32512,"BAW85GA ","False","False","False",7545,11590.02,11932.92,1565614229.838,1565614229.999
1565614240,"407534",49.2859714314089,8.38408620733964,230.747489358726,304.646679956071,-0.32512,"BAW85GA ","False","False","False",7545,11590.02,11932.92,1565614239.803,1565614240
1565614250,"407534",49.2975311279297,8.35848294771634,230.45540925985,304.541459164492,0,"BAW85GA ","False","False","False",7545,11582.4,11925.3,1565614249.672,1565614250
1565614260,"407534",49.3095268637447,8.33175659179688,230.164108353481,304.435971676768,-0.32512,"BAW85GA ","False","False","False",7545,11582.4,11917.68,1565614259.909,1565614259.999
1565614270,"407534",49.3213511321504,8.30551950555099,229.74000040585,304.508522987668,-0.32512,"BAW85GA ","False","False","False",7545,11582.4,11917.68,1565614270,1565614270
1565614280,"407534",49.3323669433594,8.28094482421875,229.448944666926,304.402664854976,-0.32512,"BAW85GA ","False","False","False",7545,11574.78,11910.06,1565614279.473,1565614280
1565614290,"407534",49.3444519042969,8.25397198016827,229.448944666926,304.402664854976,-0.32512,"BAW85GA ","False","False","False",7545,11574.78,11910.06,1565614289.895,1565614290
1565614300,"407534",49.3559417724609,8.22826678936298,228.733859001889,304.369149769022,-0.32512,"BAW85GA ","False","False","False",7545,11567.16,11894.82,1565614299.786,1565614299.985
1565614310,"407534",49.3675231933594,8.20227989783654,228.733859001889,304.369149769022,0,"BAW85GA ","False","False","False",7545,11567.16,11894.82,1565614309.766,1565614310
1565614320,"407534",49.3792155637579,8.17621331465872,228.733859001889,304.369149769022,0,"BAW85GA ","False","False","False",7545,11567.16,11894.82,1565614319.804,1565614319.995
1565614330,"407534",49.390434653072,8.15098812705592,228.733859001889,304.369149769022,0,"BAW85GA ","False","False","False",7545,11567.16,11894.82,1565614329.546,1565614330
1565614340,"407534",49.4024505615234,8.12410794771634,229.158674145909,304.296538182667,0,"BAW85GA ","False","False","False",7545,11567.16,11894.82,1565614339.869,1565614339.994
1565614350,"407534",49.4137573242188,8.09873078998766,229.158674145909,304.296538182667,0.32512,"BAW85GA ","False","False","False",7545,11567.16,11887.2,1565614349.621,1565614350
1565614360,"407534",49.4253488314354,8.0727105391653,229.583855974204,304.224195429071,0,"BAW85GA ","False","False","False",7545,11567.16,11887.2,1565614359.616,1565614359.984
1565614370,"407534",49.4370799953655,8.04629764041385,229.583855974204,304.224195429071,0.32512,"BAW85GA ","False","False","False",7545,11567.16,11887.2,1565614369.715,1565614369.991
1565614380,"407534",49.4485318458686,8.02046492293074,229.583855974204,304.224195429071,0.97536,"BAW85GA ","False","False","False",7545,11574.78,11894.82,1565614379.617,1565614379.994
1565614390,"407534",49.4602203369141,7.99421611585115,229.873589601849,304.330217195503,0,"BAW85GA ","False","False","False",7545,11582.4,11902.44,1565614389.652,1565614390
1565614400,"407534",49.4721221923828,7.96747308028372,230.588583991239,304.36368736037,-0.32512,"BAW85GA ","False","False","False",7545,11582.4,11902.44,1565614399.868,1565614399.998
1565614410,"407534",49.4837951660156,7.94116371556332,231.013425292286,304.291668796175,0.32512,"BAW85GA ","False","False","False",7545,11582.4,11902.44,1565614409.896,1565614409.996
1565614420,"407534",49.4954223632812,7.91492662931743,231.438630242927,304.219914747643,0,"BAW85GA ","False","False","False",7545,11582.4,11902.44,1565614419.859,1565614419.999
1565614430,"407534",49.5068664550781,7.88905093544408,231.438630242927,304.219914747643,0,"BAW85GA ","False","False","False",7545,11582.4,11894.82,1565614429.677,1565614429.997
1565614440,"407534",49.5187326204979,7.86220241237331,231.864196842524,304.14842398398,0.32512,"BAW85GA ","False","False","False",7545,11582.4,11894.82,1565614439.83,1565614439.998
1565614450,"407534",49.5303497314453,7.83592625668174,231.864196842524,304.14842398398,0.65024,"BAW85GA ","False","False","False",7545,11590.02,11902.44,1565614449.76,1565614449.999
1565614460,"407534",49.541962187169,7.80957196209882,232.290123103401,304.077195280131,0.32512,"BAW85GA ","False","False","False",7545,11590.02,11902.44,1565614459.734,1565614460
1565614470,"407534",49.5539261122881,7.78247730152027,232.578761228031,304.182166415159,0.32512,"BAW85GA ","False","False","False",7545,11597.64,11910.06,1565614469.943,1565614470
1565614480,"407534",49.5651452016022,7.75694151182432,232.716407050763,304.006227416763,0,"BAW85GA ","False","False","False",7545,11597.64,11277.6,1565614479.535,1565614479.999
1565614490,"407534",49.577202231197,7.72954992345861,232.716407050763,304.006227416763,0,"BAW85GA ","False","False","False",7545,11597.64,11902.44,1565614489.84,1565614489.995
1565614500,"407534",49.5890264996028,7.70260372677365,233.004517109837,304.111094457255,0,"BAW85GA ","False","False","False",7545,11597.64,11902.44,1565614499.925,1565614499.999
1565614510,"407534",49.6003852456303,7.67677100929054,232.716407050763,304.006227416763,0,"BAW85GA ","False","False","False",7545,11597.64,11902.44,1565614509.614,1565614509.997
1565614520,"407534",49.6122436523438,7.6497369063528,232.716407050763,304.006227416763,0.32512,"BAW85GA ","False","False","False",7545,11597.64,11894.82,1565614519.772,1565614519.999
1565614530,"407534",49.6239166259766,7.62306614925987,232.716407050763,304.006227416763,0,"BAW85GA ","False","False","False",7545,11597.64,11902.44,1565614529.756,1565614529.989
1565614540,"407534",49.6354856329449,7.59652627480997,232.429078501169,303.901100750358,0,"BAW85GA ","False","False","False",7545,11597.64,11902.44,1565614539.747,1565614539.997
1565614550,"407534",49.6474456787109,7.56921868575247,232.429078501169,303.901100750358,-1.30048,"BAW85GA ","False","False","False",7545,11590.02,11887.2,1565614549.998,1565614549.998
1565614560,"407534",49.6590728759766,7.54254792865954,232.429078501169,303.901100750358,-0.32512,"BAW85GA ","False","False","False",7545,11582.4,11879.58,1565614559.995,1565614559.996
1565614570,"407534",49.6704254150391,7.51645539936266,231.715194670579,303.866470230648,0,"BAW85GA ","False","False","False",7545,11582.4,11879.58,1565614569.766,1565614569.998
1565614580,"407534",49.6815723483845,7.49081998258024,231.715194670579,303.866470230648,-0.32512,"BAW85GA ","False","False","False",7545,11582.4,11879.58,1565614579.437,1565614579.998
1565614590,"407534",49.6932220458984,7.46405350534539,231.715194670579,303.866470230648,-0.32512,"BAW85GA ","False","False","False",7545,11574.78,11871.96,1565614589.485,1565614589.995
1565614600,"407534",49.705220885196,7.43648219752956,231.715194670579,303.866470230648,-0.32512,"BAW85GA ","False","False","False",7545,11574.78,11871.96,1565614599.816,1565614599.999
1565614610,"407534",49.7168426513672,7.40970009251645,231.428910194961,303.760715800302,0,"BAW85GA ","False","False","False",7545,11574.78,11864.34,1565614609.865,1565614610
1565614620,"407534",49.7281494140625,7.38367984169408,231.001396013233,303.831625680229,0,"BAW85GA ","False","False","False",7545,11574.78,11864.34,1565614619.696,1565614619.998
1565614630,"407534",49.7397626456568,7.3569055505701,231.001396013233,303.831625680229,0,"BAW85GA ","False","False","False",7545,11574.78,11864.34,1565614629.75,1565614629.997
1565614640,"407534",49.751447257349,7.32981088999155,230.715372912434,303.725500903969,-0.32512,"BAW85GA ","False","False","False",7545,11574.78,11864.34,1565614639.921,1565614639.999
1565614650,"407534",49.7625732421875,7.30397817250845,230.858715355101,303.548421882498,-0.32512,"BAW85GA ","False","False","False",7545,11567.16,11856.72,1565614649.623,1565614650
1565614660,"407534",49.7744750976562,7.27641858552632,231.143416112353,303.65469976534,0,"BAW85GA ","False","False","False",7545,11567.16,11849.1,1565614659.968,1565614659.996
1565614670,"407534",49.785942465572,7.24993731524493,231.001396013233,303.831625680229,0,"BAW85GA ","False","False","False",7545,11567.16,11849.1,1565614669.934,1565614669.999
1565614680,"407534",49.7972717285156,7.22372757761102,230.715372912434,303.725500903969,0,"BAW85GA ","False","False","False",7545,11567.16,11849.1,1565614679.783,1565614679.989
1565614690,"407534",49.8088531494141,7.19683998509457,230.858715355101,303.548421882498,0.32512,"BAW85GA ","False","False","False",7545,11567.16,11849.1,1565614689.884,1565614689.999
1565614700,"407534",49.819925599179,7.17110298775338,231.143416112353,303.65469976534,0,"BAW85GA ","False","False","False",7545,11567.16,11849.1,1565614699.537,1565614699.997
1565614710,"407534",49.8318895242982,7.14341447160051,230.715372912434,303.725500903969,0.32512,"BAW85GA ","False","False","False",7545,11574.78,11856.72,1565614709.91,1565614709.997
1565614720,"407534",49.8433685302734,7.1168999922903,230.715372912434,303.725500903969,0,"BAW85GA ","False","False","False",7545,11574.78,11856.72,1565614719.894,1565614719.998
1565614730,"407534",49.8544921875,7.09102429841694,231.143416112353,303.65469976534,0,"BAW85GA ","False","False","False",7545,11574.78,11849.1,1565614729.58,1565614729.995
1565614740,"407534",49.8661519713321,7.06391205658784,230.858715355101,303.548421882498,0,"BAW85GA ","False","False","False",7545,11574.78,11849.1,1565614739.724,1565614739.983
1565614750,"407534",49.8773710606462,7.03770817937078,230.858715355101,303.548421882498,0,"BAW85GA ","False","False","False",7545,11574.78,11849.1,1565614749.541,1565614749.999
1565614760,"407534",49.888916015625,7.01086747018914,231.143416112353,303.65469976534,0.32512,"BAW85GA ","False","False","False",7545,11574.78,11849.1,1565614759.582,1565614759.999
1565614770,"407534",49.9004974365234,6.98383532072368,231.287637530912,303.477992814611,0,"BAW85GA ","False","False","False",7545,11582.4,11856.72,1565614769.696,1565614769.995
1565614780,"407534",49.9121246337891,6.9565140573602,231.43405615356,303.301507777107,0,"BAW85GA ","False","False","False",7545,11574.78,11841.48,1565614779.903,1565614779.999
1565614790,"407534",49.9233856201172,6.92984330026727,231.43405615356,303.301507777107,-0.32512,"BAW85GA ","False","False","False",7545,11574.78,11841.48,1565614789.801,1565614789.998
